Revenue,Discount,Profit
349,0.3,244
350,0.3,245
351,0.3,245
352,0.25,264
353,0.25,264
354,0.3,247
355,0.3,248
356,0.3,249
2222,0.4,1333
2342,0.4,1405
2241,0.4,1344
2253,0.4,1351
2245,0.4,1347
2231,0.4,1338
2452,0.45,1348
2236,0.45,1229
2245,0.45,1234
2235,0.47,1184
2214,0.47,1173
2231,0.46,1204
2145,0.46,1158
2356,0.46,1272
2412,0.3,1688
2234,0.3,1563
2214,0.3,1549
999,0.3,699
1119,0.3,783
1119,0.35,727
1119,0.35,727
1119,0.35,727
985,0.35,640
985,0.35,640
985,0.35,640
985,0.4,591
985,0.4,591
369,0.15,313
399,0.15,339
399,0.15,339
399,0.35,259
399,0.35,259
555,0.35,360
555,0.35,360
555,0.55,249
555,0.55,249
675,0.55,303
675,0.55,303
675,0.5,337
654,0.5,327
654,0.5,327
654,0.5,327
654,0.5,327
356,0.3,249
2235,0.32,1519
1125,0.25,843
2451,0.45,1348
2263,0.15,1923
1365,0.33,914
2453,0.42,1422
1555,0.42,901
1234,0.39,752
2344,0.39,1429
2142,0.39,1306
2612,0.39,1593
2243,0.3,1570
333,0.3,233
236,0.3,165
456,0.25,342
963,0.25,722
234,0.3,163
456,0.3,319
564,0.3,394
634,0.4,380
236,0.4,141
444,0.4,266
456,0.4,273
963,0.4,577
456,0.4,273
1189,0.45,653
1298,0.45,713
1456,0.45,800
1478,0.47,783
256,0.47,135
2698,0.46,1456
2364,0.46,1276
1236,0.46,667
756,0.3,529
326,0.3,228
453,0.3,317
326,0.3,228
456,0.3,319
675,0.35,438
654,0.35,425
654,0.35,425
654,0.35,425
654,0.35,425
356,0.35,231
686,0.4,411
456,0.4,273
516,0.15,438
355,0.15,301
465,0.15,395
965,0.35,627
1158,0.35,752
264,0.35,171
433,0.35,281
562,0.55,252
423,0.55,190
621,0.55,279
333,0.55,149
236,0.5,118
456,0.5,228
963,0.5,481
234,0.5,117
456,0.5,228
564,0.3,394
634,0.32,431
236,0.25,177
444,0.45,244
456,0.15,387
963,0.33,645
456,0.42,264
1189,0.42,689
1298,0.39,791
1456,0.39,888
1478,0.39,901
256,0.39,156
2698,0.3,1888
2364,0.3,1654
1236,0.3,865
756,0.25,567
326,0.25,244
453,0.3,317
326,0.3,228
456,0.3,319
675,0.4,405
654,0.4,392
654,0.4,392
654,0.4,392
654,0.4,392
356,0.4,213
686,0.45,377
456,0.45,250
516,0.45,283
355,0.47,188
465,0.47,246
965,0.46,521
1158,0.46,625
264,0.46,142
433,0.3,303
562,0.3,393
423,0.3,296
621,0.3,434
333,0.3,233
236,0.35,153
456,0.35,296
963,0.35,625
234,0.35,152
456,0.35,296
564,0.35,366
634,0.4,380
236,0.4,141
444,0.15,377
456,0.15,387
963,0.15,818
456,0.35,296
1189,0.35,772
1298,0.35,843
1456,0.35,946
1478,0.55,665
256,0.55,115
2698,0.55,1214
2364,0.55,1063
1236,0.5,618
756,0.5,378
326,0.5,163
453,0.5,226
326,0.5,163
456,0.3,319
456,0.32,310
456,0.25,342
456,0.45,250
236,0.15,200
996,0.33,667
654,0.42,379
456,0.42,264
785,0.39,478
365,0.39,222
965,0.39,588
444,0.39,270
569,0.3,398
475,0.3,332
598,0.3,418
536,0.25,402
256,0.25,192
456,0.3,319
456,0.3,319
745,0.3,521
356,0.4,213
1189,0.4,713
426,0.4,255
1126,0.4,675
1145,0.4,687
1235,0.4,741
1564,0.45,860
654,0.45,359
854,0.45,469
475,0.47,251
349,0.47,184
350,0.46,189
351,0.46,189
352,0.46,190
353,0.3,247
354,0.3,247
355,0.3,248
356,0.3,249
999,0.3,699
555,0.35,360
555,0.35,360
555,0.35,360
555,0.35,360
1025,0.35,666
1025,0.35,666
1025,0.4,615
555,0.4,333
599,0.15,509
555,0.15,471
555,0.15,471
2245,0.35,1459
2256,0.35,1466
2214,0.35,1439
2145,0.35,1394
2325,0.55,1046
2256,0.55,1015
1425,0.55,641
2236,0.55,1006
2525,0.5,1262
2145,0.5,1072
2365,0.5,1182
1245,0.5,622
3245,0.5,1622
1222,0.3,855
2451,0.32,1666
2256,0.25,1692
399,0.45,219
399,0.15,339
399,0.33,267
399,0.42,231
555,0.42,321
555,0.39,338
555,0.39,338
555,0.39,338
675,0.39,411
675,0.3,472
675,0.3,472
654,0.3,457
654,0.25,490
654,0.25,490
654,0.3,457
356,0.3,249
686,0.3,480
456,0.4,273
516,0.4,309
355,0.4,213
465,0.4,279
965,0.4,579
1158,0.4,694
264,0.45,145
433,0.45,238
562,0.45,309
423,0.47,224
621,0.47,329
333,0.46,179
236,0.46,127
456,0.46,246
963,0.3,674
234,0.3,163
456,0.3,319
564,0.3,394
634,0.3,443
236,0.35,153
444,0.35,288
456,0.35,296
963,0.35,625
456,0.35,296
1189,0.35,772
1298,0.4,778
1456,0.4,873
1478,0.15,1256
256,0.15,217
2698,0.15,2293
2364,0.35,1536
1236,0.35,803
756,0.35,491
326,0.35,211
453,0.55,203
326,0.55,146
456,0.55,205
675,0.55,303
654,0.5,327
654,0.5,327
654,0.5,327
654,0.5,327
356,0.5,178
686,0.3,480
456,0.32,310
516,0.25,387
355,0.45,195
465,0.15,395
965,0.33,646
1158,0.42,671
264,0.42,153
433,0.39,264
562,0.39,342
423,0.39,258
621,0.39,378
333,0.3,233
236,0.3,165
456,0.3,319
963,0.25,722
234,0.25,175
456,0.3,319
564,0.3,394
634,0.3,443
236,0.4,141
444,0.4,266
456,0.4,273
963,0.4,577
456,0.4,273
1189,0.4,713
1298,0.45,713
1456,0.45,800
1478,0.45,812
256,0.47,135
2698,0.47,1429
2364,0.46,1276
1236,0.46,667
756,0.46,408
326,0.3,228
453,0.3,317
326,0.3,228
456,0.3,319
675,0.3,472
654,0.35,425
654,0.35,425
654,0.35,425
654,0.35,425
356,0.35,231
686,0.35,445
456,0.4,273
516,0.4,309
355,0.15,301
465,0.15,395
965,0.15,820
1158,0.35,752
264,0.35,171
433,0.35,281
562,0.35,365
423,0.55,190
621,0.55,279
333,0.55,149
236,0.55,106
456,0.5,228
963,0.5,481
234,0.5,117
456,0.5,228
564,0.5,282
634,0.3,443
236,0.32,160
444,0.25,333
456,0.45,250
963,0.15,818
456,0.33,305
1189,0.42,689
1298,0.42,752
1456,0.39,888
1478,0.39,901
256,0.39,156
2698,0.39,1645
2364,0.3,1654
1236,0.3,865
756,0.3,529
326,0.25,244
453,0.25,339
326,0.3,228
456,0.3,319
456,0.3,319
456,0.4,273
456,0.4,273
236,0.4,141
996,0.4,597
654,0.4,392
456,0.4,273
785,0.45,431
365,0.45,200
965,0.45,530
444,0.47,235
569,0.47,301
475,0.46,256
598,0.46,322
536,0.46,289
256,0.3,179
456,0.3,319
456,0.3,319
745,0.3,521
356,0.3,249
1189,0.35,772
426,0.35,276
1126,0.35,731
1145,0.35,744
1235,0.35,802
1564,0.35,1016
654,0.4,392
854,0.4,512
475,0.15,403
349,0.15,296
350,0.15,297
351,0.35,228
352,0.35,228
2245,0.35,1459
2135,0.35,1387
1245,0.55,560
2145,0.55,965
2356,0.55,1060
2235,0.55,1005
2252,0.5,1126
2452,0.5,1226
2263,0.5,1131
2253,0.5,1126
1025,0.5,512
1025,0.3,717
555,0.32,377
599,0.25,449
555,0.45,305
555,0.15,471
565,0.33,378
555,0.42,321
999,0.42,579
999,0.39,609
999,0.39,609
999,0.39,609
1119,0.39,682
1119,0.3,783
1119,0.3,783
1119,0.3,783
985,0.25,738
985,0.25,738
985,0.3,689
985,0.3,689
985,0.3,689
369,0.4,221
399,0.4,239
399,0.4,239
399,0.4,239
399,0.4,239
555,0.4,333
555,0.45,305
555,0.45,305
555,0.45,305
675,0.47,357
675,0.47,357
675,0.46,364
654,0.46,353
654,0.46,353
654,0.3,457
654,0.3,457
356,0.3,249
686,0.3,480
456,0.3,319
516,0.35,335
355,0.35,230
465,0.35,302
965,0.35,627
1158,0.35,752
264,0.35,171
433,0.4,259
562,0.4,337
423,0.15,359
621,0.15,527
333,0.15,283
236,0.35,153
456,0.35,296
963,0.35,625
234,0.35,152
456,0.55,205
564,0.55,253
634,0.55,285
236,0.55,106
444,0.5,222
456,0.5,228
963,0.5,481
456,0.5,228
1189,0.5,594
1298,0.3,908
1456,0.32,990
1478,0.25,1108
256,0.45,140
2698,0.15,2293
2364,0.33,1583
1236,0.42,716
756,0.42,438
326,0.39,198
453,0.39,276
326,0.39,198
456,0.39,278
675,0.3,472
654,0.3,457
654,0.3,457
654,0.25,490
654,0.25,490
356,0.3,249
686,0.3,480
456,0.3,319
516,0.4,309
355,0.4,213
465,0.4,279
965,0.4,579
1158,0.4,694
264,0.4,158
433,0.45,238
562,0.45,309
423,0.45,232
621,0.47,329
333,0.47,176
236,0.46,127
456,0.46,246
963,0.46,520
234,0.3,163
456,0.3,319
564,0.3,394
634,0.3,443
236,0.3,165
2245,0.35,1459
2235,0.35,1452
2145,0.35,1394
2145,0.35,1394
2356,0.35,1531
2245,0.35,1459
2451,0.4,1470
2145,0.4,1287
2245,0.15,1908
2698,0.15,2293
1215,0.15,1032
2245,0.35,1459
1245,0.35,809
3456,0.35,2246
3654,0.35,2375
4563,0.55,2053
3214,0.55,1446
4123,0.55,1855
3214,0.55,1446
654,0.5,327
654,0.5,327
654,0.5,327
356,0.5,178
686,0.5,343
456,0.3,319
516,0.32,350
355,0.25,266
465,0.45,255
965,0.15,820
1158,0.33,775
264,0.42,153
433,0.42,251
562,0.39,342
423,0.39,258
621,0.39,378
333,0.39,203
236,0.3,165
456,0.3,319
963,0.3,674
234,0.25,175
456,0.25,342
564,0.3,394
634,0.3,443
236,0.3,165
444,0.4,266
456,0.4,273
963,0.4,577
456,0.4,273
1189,0.4,713
1298,0.4,778
1456,0.45,800
1478,0.45,812
256,0.45,140
2698,0.47,1429
2364,0.47,1252
1236,0.46,667
756,0.46,408
326,0.46,176
453,0.3,317
326,0.3,228
456,0.3,319
456,0.3,319
456,0.3,319
456,0.35,296
236,0.35,153
996,0.35,647
654,0.35,425
456,0.35,296
785,0.35,510
365,0.4,219
965,0.4,579
444,0.15,377
569,0.15,483
475,0.15,403
598,0.35,388
536,0.35,348
256,0.35,166
456,0.35,296
456,0.55,205
745,0.55,335
356,0.55,160
1189,0.55,535
426,0.5,213
1126,0.5,563
1145,0.5,572
1235,0.5,617
1564,0.5,782
654,0.3,457
854,0.32,580
475,0.25,356
475,0.45,261
475,0.15,403
475,0.33,318
475,0.42,275
475,0.42,275
475,0.39,289
475,0.39,289
564,0.39,344
478,0.39,291
1264,0.3,884
458,0.3,320
899,0.3,629
859,0.3,601
758,0.3,530
2354,0.3,1647
2344,0.3,1640
2453,0.3,1717
2154,0.3,1507
896,0.3,627
756,0.3,529
236,0.3,165
475,0.3,332
589,0.3,412
365,0.3,255
1233,0.3,863
1233,0.3,863
1233,0.3,863
1233,0.3,863
1233,0.3,863
1233,0.3,863
456,0.3,319
456,0.3,319
456,0.3,319
456,0.3,319
786,0.3,550
786,0.3,550
786,0.3,550
786,0.3,550
786,0.3,550
786,0.3,550
569,0.3,398
569,0.3,398
569,0.3,398
569,0.3,398
569,0.3,398
569,0.3,398
569,0.3,398
569,0.3,398
349,0.3,244
350,0.3,245
351,0.3,245
352,0.3,246
353,0.3,247
354,0.3,247
355,0.3,248
356,0.3,249
999,0.3,699
555,0.3,388
555,0.3,388
555,0.3,388
555,0.3,388
1025,0.3,717
1025,0.3,717
1025,0.3,717
555,0.3,388
599,0.3,419
555,0.3,388
555,0.3,388
565,0.3,395
555,0.3,388
999,0.3,699
999,0.3,699
999,0.3,699
999,0.3,699
1119,0.3,783
1119,0.3,783
1119,0.3,783
1119,0.3,783
985,0.3,689
985,0.3,689
985,0.3,689
985,0.3,689
985,0.3,689
369,0.3,258
399,0.3,279
399,0.3,279
399,0.3,279
399,0.3,279
555,0.3,388
555,0.3,388
555,0.3,388
555,0.3,388
675,0.3,472
675,0.3,472
675,0.3,472
654,0.3,457
654,0.3,457
654,0.3,457
654,0.3,457
356,0.3,249
686,0.3,480
456,0.3,319
516,0.3,361
355,0.3,248
465,0.3,325
965,0.3,675
1158,0.3,810
264,0.3,184
433,0.3,303
562,0.3,393
423,0.3,296
621,0.3,434
333,0.3,233
236,0.3,165
456,0.3,319
963,0.3,674
234,0.3,163
456,0.3,319
564,0.3,394
634,0.3,443
236,0.3,165
444,0.3,310
456,0.3,319
963,0.3,674
456,0.3,319
1189,0.3,832
1298,0.3,908
1456,0.3,1019
1478,0.3,1034
256,0.3,179
2698,0.3,1888
2364,0.3,1654
1236,0.3,865
756,0.3,529
326,0.3,228
453,0.3,317
326,0.3,228
456,0.3,319
675,0.3,472
654,0.3,457
654,0.3,457
654,0.3,457
654,0.3,457
356,0.3,249
686,0.3,480
456,0.3,319
516,0.3,361
355,0.3,248
465,0.3,325
965,0.3,675
1158,0.3,810
264,0.3,184
433,0.3,303
562,0.3,393
423,0.3,296
621,0.3,434
333,0.3,233
236,0.3,165
456,0.3,319
963,0.3,674
234,0.3,163
456,0.3,319
564,0.3,394
634,0.3,443
236,0.3,165
444,0.3,310
456,0.3,319
963,0.3,674
456,0.3,319
1189,0.3,832
1298,0.3,908
1456,0.3,1019
1478,0.3,1034
256,0.3,179
2698,0.3,1888
2364,0.3,1654
1236,0.3,865
756,0.3,529
326,0.3,228
453,0.3,317
326,0.3,228
456,0.3,319
675,0.3,472
654,0.3,457
654,0.3,457
654,0.3,457
654,0.3,457
356,0.3,249
686,0.3,480
456,0.3,319
516,0.3,361
355,0.3,248
465,0.3,325
965,0.3,675
1158,0.3,810
264,0.3,184
433,0.3,303
562,0.3,393
423,0.3,296
621,0.3,434
333,0.3,233
236,0.3,165
456,0.3,319
963,0.3,674
234,0.3,163
456,0.3,319
564,0.3,394
634,0.3,443
236,0.3,165
444,0.3,310
456,0.3,319
963,0.3,674
456,0.3,319
1189,0.3,832
1298,0.3,908
1456,0.3,1019
1478,0.3,1034
256,0.3,179
2698,0.3,1888
2364,0.3,1654
1236,0.3,865
756,0.3,529
326,0.3,228
453,0.3,317
326,0.3,228
456,0.3,319
456,0.3,319
456,0.3,319
456,0.3,319
236,0.3,165
996,0.3,697
654,0.3,457
456,0.3,319
785,0.3,549
365,0.25,273
965,0.25,723
444,0.3,310
569,0.3,398
475,0.3,332
598,0.4,358
536,0.4,321
256,0.4,153
456,0.4,273
456,0.4,273
745,0.4,447
356,0.45,195
1189,0.45,653
426,0.45,234
1126,0.47,596
1145,0.47,606
1235,0.46,666
1564,0.46,844
654,0.46,353
854,0.3,597
475,0.3,332
349,0.3,244
350,0.3,245
351,0.3,245
352,0.35,228
353,0.35,229
354,0.35,230
355,0.35,230
356,0.35,231
999,0.35,649
555,0.4,333
555,0.4,333
555,0.15,471
555,0.15,471
1025,0.15,871
1025,0.35,666
1025,0.35,666
555,0.35,360
599,0.35,389
555,0.55,249
555,0.55,249
565,0.55,254
555,0.55,249
999,0.5,499
999,0.5,499
999,0.5,499
999,0.5,499
1119,0.5,559
1119,0.3,783
1119,0.32,760
1119,0.25,839
2234,0.45,1228
2345,0.15,1993
2245,0.33,1504
2145,0.42,1244
2354,0.42,1365
2214,0.39,1350
2145,0.39,1308
2235,0.39,1363
2354,0.39,1435
2345,0.3,1641
2214,0.3,1549
2145,0.3,1501
2365,0.25,1773
2541,0.25,1905
2145,0.3,1501
2214,0.3,1549
2354,0.3,1647
3452,0.4,2071
1452,0.4,871
1246,0.4,747
2345,0.4,1407
2235,0.4,1341
2234,0.4,1340
1452,0.45,798
2356,0.45,1295
2245,0.45,1234
2235,0.47,1184
965,0.47,511
1158,0.46,625
264,0.46,142
433,0.46,233
562,0.3,393
423,0.3,296
621,0.3,434
333,0.3,233
236,0.3,165
456,0.35,296
963,0.35,625
234,0.35,152
456,0.35,296
564,0.35,366
634,0.35,412
236,0.4,141
444,0.4,266
456,0.15,387
963,0.15,818
456,0.15,387
1189,0.34,784
1298,0.34,856
1456,0.34,960
1478,0.34,975
256,0.34,168
2698,0.34,1780
2364,0.44,1323
1236,0.44,692
756,0.44,423
326,0.44,182
453,0.44,253
326,0.1,293
456,0.1,410
675,0.1,607
654,0.3,457
654,0.3,457
654,0.3,457
654,0.25,490
356,0.25,267
686,0.3,480
456,0.3,319
516,0.3,361
355,0.4,213
465,0.4,279
965,0.4,579
1158,0.4,694
264,0.4,158
433,0.4,259
562,0.45,309
423,0.45,232
621,0.45,341
333,0.47,176
236,0.47,125
456,0.46,246
963,0.46,520
234,0.46,126
456,0.3,319
564,0.3,394
634,0.3,443
236,0.3,165
444,0.3,310
456,0.35,296
963,0.35,625
456,0.35,296
1189,0.35,772
1298,0.35,843
1456,0.35,946
1478,0.4,886
256,0.4,153
2698,0.15,2293
2364,0.15,2009
1236,0.15,1050
756,0.35,491
326,0.35,211
453,0.35,294
326,0.35,211
456,0.55,205
675,0.55,303
654,0.55,294
654,0.55,294
654,0.5,327
654,0.5,327
356,0.5,178
686,0.5,343
456,0.5,228
516,0.3,361
355,0.32,241
465,0.25,348
965,0.45,530
1158,0.15,984
264,0.33,176
433,0.42,251
562,0.42,325
423,0.39,258
621,0.39,378
333,0.39,203
236,0.39,143
456,0.3,319
963,0.3,674
234,0.3,163
456,0.25,342
564,0.25,423
634,0.3,443
236,0.3,165
444,0.3,310
456,0.4,273
963,0.4,577
456,0.4,273
1189,0.4,713
1298,0.4,778
1456,0.4,873
1478,0.45,812
256,0.45,140
2698,0.45,1483
2364,0.47,1252
1236,0.47,655
756,0.46,408
326,0.46,176
453,0.46,244
326,0.3,228
456,0.3,319
456,0.3,319
456,0.3,319
456,0.3,319
236,0.35,153
996,0.35,647
654,0.35,425
456,0.35,296
785,0.35,510
365,0.35,237
965,0.4,579
444,0.4,266
569,0.15,483
475,0.15,403
598,0.15,508
536,0.3,375
256,0.3,179
456,0.3,319
456,0.25,342
745,0.25,558
356,0.3,249
1189,0.3,832
426,0.3,298
1126,0.4,675
1145,0.4,687
1235,0.4,741
1564,0.4,938
654,0.4,392
854,0.4,512
475,0.45,261
349,0.45,191
350,0.45,192
351,0.47,186
352,0.47,186
353,0.46,190
354,0.46,191
355,0.46,191
356,0.3,249
999,0.3,699
555,0.3,388
555,0.3,388
555,0.3,388
555,0.35,360
1025,0.35,666
1025,0.35,666
1025,0.35,666
555,0.35,360
599,0.35,389
555,0.4,333
555,0.4,333
565,0.15,480
555,0.15,471
999,0.15,849
999,0.35,649
999,0.35,649
999,0.35,649
1119,0.35,727
1119,0.55,503
1119,0.55,503
1119,0.55,503
985,0.55,443
985,0.5,492
985,0.5,492
985,0.5,492
985,0.5,492
369,0.5,184
399,0.3,279
399,0.32,271
399,0.25,299
399,0.45,219
555,0.15,471
555,0.33,371
555,0.42,321
555,0.42,321
675,0.39,411
675,0.39,411
675,0.39,411
654,0.39,398
654,0.3,457
654,0.3,457
654,0.3,457
356,0.25,267
686,0.25,514
456,0.3,319
516,0.3,361
355,0.3,248
465,0.4,279
965,0.4,579
1158,0.4,694
264,0.4,158
433,0.4,259
562,0.4,337
423,0.45,232
621,0.45,341
333,0.45,183
236,0.47,125
456,0.47,241
963,0.46,520
234,0.46,126
456,0.46,246
564,0.3,394
634,0.3,443
236,0.3,165
444,0.3,310
456,0.3,319
963,0.35,625
456,0.35,296
1189,0.35,772
1298,0.35,843
1456,0.35,946
1478,0.35,960
256,0.4,153
2698,0.4,1618
2364,0.15,2009
1236,0.15,1050
756,0.15,642
326,0.3,228
453,0.3,317
326,0.4,195
456,0.4,273
675,0.4,405
654,0.4,392
654,0.4,392
654,0.4,392
654,0.45,359
356,0.45,195
686,0.45,377
456,0.47,241
516,0.47,273
355,0.46,191
465,0.46,251
965,0.46,521
1158,0.3,810
264,0.3,184
433,0.3,303
562,0.3,393
423,0.3,296
621,0.35,403
333,0.35,216
236,0.35,153
456,0.35,296
963,0.35,625
234,0.35,152
456,0.4,273
564,0.4,338
634,0.15,538
236,0.15,200
444,0.15,377
456,0.35,296
963,0.35,625
456,0.35,296
1189,0.35,772
1298,0.55,584
1456,0.55,655
1478,0.55,665
256,0.55,115
2698,0.5,1349
2364,0.5,1182
1236,0.5,618
756,0.5,378
326,0.5,163
453,0.3,317
326,0.32,221
456,0.25,342
675,0.45,371
654,0.15,555
654,0.33,438
654,0.42,379
654,0.42,379
356,0.39,217
686,0.39,418
456,0.39,278
516,0.39,314
355,0.3,248
465,0.3,325
965,0.3,675
1158,0.25,868
264,0.25,198
433,0.3,303
562,0.3,393
423,0.3,296
621,0.4,372
333,0.4,199
236,0.4,141
456,0.4,273
963,0.4,577
234,0.4,140
456,0.45,250
564,0.45,310
634,0.45,348
236,0.47,125
444,0.47,235
456,0.46,246
963,0.46,520
456,0.46,246
1189,0.3,832
1298,0.3,908
1456,0.3,1019
1478,0.3,1034
256,0.3,179
2698,0.35,1753
2364,0.35,1536
1236,0.35,803
756,0.35,491
326,0.35,211
453,0.35,294
326,0.4,195
456,0.4,273
456,0.15,387
456,0.15,387
456,0.15,387
236,0.3,165
996,0.3,697
654,0.3,457
456,0.25,342
785,0.25,588
365,0.3,255
965,0.3,675
444,0.3,310
569,0.4,341
475,0.4,285
598,0.4,358
536,0.4,321
256,0.4,153
456,0.4,273
456,0.45,250
745,0.45,409
356,0.45,195
1189,0.47,630
426,0.47,225
1126,0.46,608
1145,0.46,618
1235,0.46,666
1564,0.3,1094
654,0.3,457
854,0.3,597
475,0.3,332
475,0.3,332
475,0.35,308
475,0.35,308
475,0.35,308
475,0.35,308
475,0.35,308
475,0.35,308
564,0.4,338
478,0.4,286
1264,0.15,1074
458,0.15,389
899,0.15,764
859,0.35,558
758,0.35,492
2354,0.35,1530
2344,0.35,1523
2453,0.55,1103
2154,0.55,969
896,0.55,403
756,0.55,340
236,0.5,118
475,0.5,237
589,0.5,294
365,0.5,182
1233,0.5,616
1233,0.3,863
1233,0.32,838
1233,0.25,924
1233,0.45,678
1233,0.15,1048
456,0.33,305
456,0.42,264
456,0.42,264
456,0.39,278
786,0.39,479
786,0.39,479
786,0.39,479
786,0.3,550
786,0.3,550
786,0.3,550
569,0.25,426
569,0.25,426
569,0.3,398
569,0.3,398
569,0.3,398
569,0.4,341
569,0.4,341
569,0.4,341
349,0.4,209
350,0.4,210
351,0.4,210
352,0.45,193
353,0.45,194
354,0.45,194
355,0.47,188
356,0.47,188
999,0.46,539
555,0.46,299
555,0.46,299
555,0.3,388
555,0.3,388
1025,0.3,717
1025,0.3,717
1025,0.3,717
555,0.35,360
599,0.35,389
555,0.35,360
555,0.35,360
565,0.35,367
555,0.35,360
999,0.4,599
999,0.4,599
999,0.15,849
999,0.15,849
1119,0.15,951
1119,0.32,760
1119,0.25,839
1119,0.45,615
985,0.15,837
985,0.33,659
985,0.42,571
985,0.42,571
985,0.39,600
369,0.39,225
399,0.39,243
399,0.39,243
399,0.3,279
399,0.3,279
555,0.3,388
555,0.25,416
555,0.25,416
555,0.3,388
675,0.3,472
675,0.3,472
675,0.4,405
654,0.4,392
654,0.4,392
654,0.4,392
654,0.4,392
356,0.4,213
686,0.45,377
456,0.45,250
516,0.45,283
355,0.47,188
465,0.47,246
965,0.46,521
1158,0.46,625
264,0.46,142
433,0.3,303
562,0.3,393
423,0.3,296
621,0.3,434
333,0.3,233
236,0.35,153
456,0.35,296
963,0.35,625
234,0.35,152
456,0.35,296
564,0.35,366
634,0.4,380
236,0.4,141
444,0.15,377
456,0.15,387
963,0.15,818
456,0.35,296
1189,0.35,772
1298,0.35,843
1456,0.35,946
1478,0.55,665
256,0.55,115
2698,0.55,1214
2364,0.55,1063
1236,0.5,618
756,0.5,378
326,0.5,163
453,0.5,226
326,0.5,163
456,0.3,319
675,0.32,459
654,0.25,490
654,0.45,359
654,0.15,555
654,0.33,438
356,0.42,206
686,0.42,397
456,0.39,278
516,0.39,314
355,0.39,216
465,0.39,283
965,0.37,607
1158,0.37,729
264,0.37,166
433,0.37,272
562,0.37,354
423,0.4,253
621,0.4,372
333,0.4,199
236,0.4,141
456,0.4,273
963,0.34,635
234,0.34,154
456,0.34,300
564,0.34,372
634,0.34,418
236,0.38,146
444,0.38,275
456,0.38,282
963,0.38,597
456,0.38,282
1189,0.21,939
1298,0.21,1025
1456,0.21,1150
1478,0.21,1167
256,0.21,202
2698,0.22,2104
2364,0.22,1843
1236,0.22,964
756,0.22,589
326,0.22,254
453,0.22,353
326,0.3,228
456,0.3,319
675,0.3,472
654,0.3,457
654,0.3,457
654,0.3,457
654,0.14,562
356,0.14,306
686,0.14,589
456,0.14,392
516,0.12,454
355,0.12,312
465,0.12,409
965,0.12,849
1158,0.12,1019
264,0.12,232
433,0.34,285
562,0.34,370
423,0.34,279
621,0.34,409
333,0.34,219
236,0.34,155
456,0.44,255
963,0.44,539
234,0.44,131
456,0.44,255
564,0.44,315
634,0.1,570
236,0.1,212
444,0.1,399
456,0.3,319
963,0.3,674
456,0.3,319
1189,0.25,891
1298,0.25,973
1456,0.3,1019
1478,0.3,1034
256,0.3,179
2698,0.4,1618
2364,0.4,1418
1236,0.4,741
756,0.4,453
326,0.4,195
453,0.4,271
326,0.45,179
456,0.45,250
456,0.45,250
456,0.47,241
456,0.47,241
236,0.46,127
996,0.46,537
654,0.46,353
456,0.3,319
785,0.3,549
365,0.3,255
965,0.3,675
444,0.3,310
569,0.35,369
475,0.35,308
598,0.35,388
536,0.35,348
256,0.35,166
456,0.35,296
456,0.4,273
745,0.4,447
356,0.15,302
1189,0.15,1010
426,0.15,362
1126,0.35,731
1145,0.35,744
1235,0.35,802
1564,0.35,1016
654,0.55,294
854,0.55,384
475,0.55,213
349,0.55,157
350,0.5,175
351,0.5,175
352,0.5,176
353,0.5,176
354,0.5,177
355,0.3,248
356,0.32,242
999,0.25,749
555,0.45,305
555,0.15,471
555,0.33,371
555,0.42,321
1025,0.42,594
1025,0.39,625
1025,0.39,625
555,0.39,338
599,0.39,365
555,0.3,388
555,0.3,388
565,0.3,395
555,0.25,416
999,0.25,749
999,0.3,699
999,0.3,699
999,0.3,699
1119,0.4,671
1119,0.4,671
1119,0.4,671
1119,0.4,671
985,0.4,591
985,0.4,591
985,0.45,541
985,0.45,541
985,0.45,541
369,0.47,195
399,0.47,211
399,0.46,215
399,0.46,215
399,0.46,215
555,0.3,388
555,0.3,388
555,0.3,388
555,0.3,388
675,0.3,472
675,0.35,438
675,0.35,438
654,0.35,425
654,0.35,425
654,0.35,425
654,0.35,425
356,0.4,213
686,0.4,411
456,0.15,387
516,0.15,438
355,0.15,301
465,0.45,255
965,0.47,511
1158,0.47,613
264,0.46,142
433,0.46,233
562,0.46,303
423,0.3,296
621,0.3,434
333,0.3,233
236,0.3,165
456,0.3,319
963,0.35,625
234,0.35,152
456,0.35,296
564,0.35,366
634,0.35,412
236,0.35,153
444,0.4,266
456,0.4,273
963,0.15,818
456,0.15,387
1189,0.15,1010
1298,0.35,843
1456,0.35,946
1478,0.35,960
256,0.35,166
2698,0.55,1214
2364,0.55,1063
1236,0.55,556
756,0.55,340
326,0.5,163
453,0.5,226
326,0.5,163
456,0.5,228
675,0.5,337
654,0.3,457
654,0.32,444
654,0.25,490
654,0.45,359
356,0.15,302
686,0.33,459
456,0.42,264
516,0.42,299
355,0.39,216
465,0.39,283
965,0.39,588
1158,0.39,706
264,0.3,184
433,0.3,303
562,0.3,393
423,0.25,317
621,0.25,465
333,0.3,233
236,0.3,165
456,0.3,319
963,0.4,577
234,0.4,140
456,0.4,273
564,0.4,338
634,0.4,380
236,0.4,141
444,0.45,244
456,0.45,250
963,0.45,529
456,0.47,241
1189,0.47,630
1298,0.46,700
1456,0.46,786
1478,0.46,798
256,0.3,179
2698,0.3,1888
2364,0.3,1654
1236,0.3,865
756,0.3,529
326,0.35,211
453,0.35,294
326,0.35,211
456,0.35,296
675,0.35,438
654,0.35,425
654,0.4,392
654,0.4,392
654,0.15,555
356,0.15,302
686,0.15,583
456,0.3,319
516,0.3,361
355,0.3,248
465,0.25,348
965,0.25,723
1158,0.3,810
264,0.3,184
433,0.3,303
562,0.4,337
423,0.4,253
621,0.4,372
333,0.4,199
236,0.4,141
456,0.4,273
963,0.45,529
234,0.45,128
456,0.45,250
564,0.47,298
634,0.47,336
236,0.46,127
444,0.46,239
456,0.46,246
963,0.3,674
456,0.3,319
1189,0.3,832
1298,0.3,908
1456,0.3,1019
1478,0.35,960
256,0.35,166
2698,0.35,1753
2364,0.35,1536
1236,0.35,803
756,0.35,491
326,0.4,195
453,0.4,271
326,0.15,277
456,0.15,387
456,0.15,387
456,0.35,296
456,0.35,296
236,0.35,153
996,0.35,647
654,0.55,294
456,0.55,205
785,0.55,353
365,0.55,164
965,0.5,482
444,0.5,222
569,0.5,284
475,0.5,237
598,0.5,299
536,0.3,375
256,0.32,174
456,0.25,342
456,0.45,250
745,0.15,633
356,0.33,238
1189,0.42,689
426,0.42,247
1126,0.39,686
1145,0.39,698
1235,0.39,753
1564,0.39,954
654,0.37,412
854,0.37,538
475,0.37,299
349,0.37,219
350,0.37,220
351,0.4,210
352,0.4,211
353,0.4,211
354,0.4,212
355,0.4,213
356,0.34,234
999,0.34,659
555,0.34,366
555,0.34,366
555,0.34,366
555,0.38,344
1025,0.38,635
1025,0.38,635
1025,0.38,635
555,0.38,344
599,0.21,473
555,0.21,438
555,0.21,438
565,0.21,446
555,0.21,438
999,0.22,779
999,0.22,779
999,0.22,779
999,0.22,779
1119,0.22,872
1119,0.22,872
1119,0.3,783
1119,0.3,783
985,0.3,689
985,0.3,689
985,0.3,689
985,0.3,689
985,0.14,847
369,0.14,317
399,0.14,343
399,0.14,343
399,0.12,351
399,0.12,351
555,0.12,488
555,0.12,488
555,0.12,488
555,0.12,488
675,0.34,445
675,0.34,445
675,0.34,445
654,0.34,431
654,0.34,431
654,0.34,431
654,0.44,366
356,0.44,199
686,0.44,384
456,0.44,255
516,0.44,288
355,0.1,319
465,0.1,418
965,0.1,868
1158,0.3,810
264,0.3,184
433,0.3,303
562,0.25,421
423,0.25,317
621,0.3,434
333,0.3,233
236,0.3,165
456,0.4,273
963,0.4,577
234,0.4,140
456,0.4,273
564,0.4,338
634,0.4,380
236,0.45,129
444,0.45,244
456,0.45,250
963,0.47,510
456,0.47,241
1189,0.46,642
1298,0.46,700
1456,0.46,786
1478,0.3,1034
256,0.3,179
2698,0.3,1888
2364,0.3,1654
1236,0.3,865
756,0.35,491
326,0.35,211
453,0.35,294
326,0.35,211
456,0.35,296
675,0.35,438
654,0.4,392
654,0.4,392
654,0.15,555
654,0.15,555
356,0.15,302
686,0.35,445
456,0.35,296
516,0.35,335
355,0.35,230
465,0.55,209
965,0.55,434
1158,0.55,521
264,0.55,118
433,0.5,216
562,0.5,281
423,0.5,211
621,0.5,310
333,0.5,166
236,0.3,165
456,0.32,310
963,0.25,722
234,0.45,128
456,0.15,387
564,0.33,377
634,0.42,367
236,0.42,136
444,0.39,270
456,0.39,278
963,0.39,587
456,0.39,278
1189,0.3,832
1298,0.3,908
1456,0.3,1019
1478,0.25,1108
256,0.25,192
2698,0.3,1888
2364,0.3,1654
1236,0.3,865
756,0.4,453
326,0.4,195
453,0.4,271
326,0.4,195
456,0.4,273
675,0.4,405
654,0.45,359
654,0.45,359
654,0.45,359
654,0.47,346
356,0.47,188
686,0.46,370
456,0.46,246
516,0.46,278
355,0.3,248
465,0.3,325
965,0.3,675
1158,0.3,810
264,0.3,184
433,0.35,281
562,0.35,365
423,0.35,274
621,0.35,403
333,0.35,216
236,0.35,153
456,0.4,273
963,0.4,577
234,0.15,198
456,0.15,387
564,0.15,479
634,0.55,285
236,0.55,106
444,0.55,199
456,0.5,228
963,0.5,481
456,0.5,228
1189,0.5,594
1298,0.5,649
1456,0.3,1019
1478,0.32,1005
256,0.25,192
2698,0.45,1483
2364,0.15,2009
1236,0.33,828
756,0.42,438
326,0.42,189
453,0.39,276
326,0.39,198
456,0.39,278
456,0.39,278
456,0.3,319
456,0.3,319
236,0.3,165
996,0.25,747
654,0.25,490
456,0.3,319
785,0.3,549
365,0.3,255
965,0.4,579
444,0.4,266
569,0.4,341
475,0.4,285
598,0.4,358
536,0.4,321
256,0.45,140
456,0.45,250
456,0.45,250
745,0.47,394
356,0.47,188
1189,0.46,642
426,0.46,230
1126,0.46,608
1145,0.3,801
1235,0.3,864
1564,0.3,1094
654,0.3,457
854,0.3,597
475,0.35,308
475,0.35,308
475,0.35,308
475,0.35,308
475,0.35,308
475,0.35,308
475,0.4,285
475,0.4,285
564,0.15,479
478,0.15,406
1264,0.15,1074
458,0.35,297
899,0.35,584
859,0.35,558
758,0.35,492
2354,0.55,1059
2344,0.55,1054
2453,0.55,1103
2154,0.55,969
896,0.5,448
756,0.5,378
236,0.5,118
475,0.5,237
589,0.5,294
365,0.3,255
1233,0.32,838
1233,0.25,924
1233,0.45,678
1233,0.15,1048
1233,0.33,826
1233,0.42,715
456,0.42,264
456,0.39,278
456,0.39,278
456,0.39,278
786,0.39,479
786,0.37,495
786,0.37,495
786,0.37,495
786,0.37,495
786,0.37,495
569,0.4,341
569,0.4,341
569,0.4,341
569,0.4,341
569,0.4,341
569,0.34,375
569,0.34,375
569,0.34,375
456,0.34,300
759,0.34,500
478,0.38,296
566,0.38,350
369,0.38,228
456,0.38,282
1145,0.38,709
1174,0.21,927
1136,0.21,897
1562,0.21,1233
465,0.21,367
456,0.21,360
789,0.22,615
1325,0.22,1033
1236,0.22,964
456,0.22,355
789,0.22,615
456,0.22,355
2362,0.3,1653
1265,0.3,885
789,0.3,552
1236,0.3,865
1145,0.3,801
1256,0.3,879
789,0.14,678
1236,0.14,1062
456,0.14,392
789,0.14,678
456,0.12,401
2362,0.12,2078
1265,0.12,1113
789,0.12,694
1236,0.12,1087
1145,0.12,1007
1256,0.34,828
789,0.34,520
789,0.34,520
789,0.34,520
789,0.34,520
789,0.34,520
789,0.44,441
789,0.44,441
456,0.44,255
2354,0.44,1318
1456,0.44,815
1265,0.1,1138
1265,0.1,1138
1265,0.1,1138
1265,0.3,885
1265,0.3,885
965,0.3,675
1158,0.25,868
264,0.25,198
433,0.3,303
562,0.3,393
423,0.3,296
621,0.4,372
333,0.4,199
236,0.4,141
456,0.4,273
963,0.4,577
234,0.4,140
456,0.45,250
564,0.45,310
634,0.45,348
236,0.47,125
444,0.47,235
456,0.46,246
963,0.46,520
456,0.46,246
1189,0.3,832
1298,0.3,908
1456,0.3,1019
1478,0.3,1034
256,0.3,179
2698,0.35,1753
2364,0.35,1536
1236,0.35,803
756,0.35,491
326,0.35,211
453,0.35,294
326,0.4,195
456,0.4,273
675,0.15,573
654,0.15,555
654,0.15,555
654,0.35,425
654,0.35,425
356,0.35,231
686,0.35,445
456,0.55,205
516,0.55,232
355,0.55,159
465,0.55,209
965,0.5,482
1158,0.5,579
264,0.5,132
433,0.5,216
562,0.5,281
423,0.3,296
621,0.32,422
333,0.25,249
236,0.45,129
456,0.15,387
963,0.33,645
234,0.42,135
456,0.42,264
564,0.39,344
634,0.39,386
236,0.39,143
444,0.39,270
456,0.3,319
963,0.3,674
456,0.3,319
1189,0.25,891
1298,0.25,973
1456,0.3,1019
1478,0.3,1034
256,0.3,179
2698,0.4,1618
2364,0.4,1418
1236,0.4,741
756,0.4,453
326,0.4,195
453,0.4,271
326,0.45,179
456,0.45,250
456,0.45,250
456,0.47,241
456,0.47,241
236,0.46,127
996,0.46,537
654,0.46,353
456,0.3,319
785,0.3,549
365,0.3,255
965,0.3,675
444,0.3,310
569,0.35,369
475,0.35,308
598,0.35,388
536,0.35,348
256,0.35,166
456,0.35,296
456,0.4,273
745,0.4,447
356,0.15,302
1189,0.15,1010
426,0.15,362
1126,0.12,990
1145,0.12,1007
1235,0.12,1086
1564,0.34,1032
654,0.34,431
854,0.34,563
475,0.34,313
349,0.34,230
350,0.34,231
351,0.44,196
352,0.44,197
353,0.44,197
354,0.44,198
355,0.44,198
356,0.1,320
999,0.1,899
555,0.1,499
555,0.3,388
555,0.3,388
555,0.3,388
1025,0.25,768
1025,0.25,768
1025,0.3,717
555,0.3,388
599,0.3,419
555,0.4,333
555,0.4,333
565,0.4,339
555,0.4,333
999,0.4,599
999,0.4,599
999,0.45,549
999,0.45,549
1119,0.45,615
1119,0.47,593
1119,0.47,593
1119,0.46,604
985,0.46,531
985,0.46,531
985,0.3,689
985,0.3,689
985,0.3,689
369,0.3,258
399,0.3,279
399,0.35,259
399,0.35,259
399,0.35,259
555,0.35,360
555,0.35,360
555,0.35,360
555,0.4,333
675,0.4,405
675,0.15,573
675,0.15,573
654,0.15,555
654,0.35,425
654,0.35,425
654,0.35,425
356,0.35,231
686,0.55,308
456,0.55,205
516,0.55,232
355,0.55,159
465,0.5,232
965,0.5,482
1158,0.5,579
264,0.5,132
433,0.5,216
562,0.3,393
423,0.32,287
621,0.25,465
333,0.45,183
236,0.15,200
456,0.33,305
963,0.42,558
234,0.42,135
456,0.39,278
564,0.39,344
634,0.39,386
236,0.39,143
444,0.3,310
456,0.3,319
963,0.3,674
456,0.25,342
1189,0.25,891
1298,0.3,908
1456,0.3,1019
1478,0.3,1034
256,0.4,153
2698,0.4,1618
2364,0.4,1418
1236,0.4,741
756,0.4,453
326,0.4,195
453,0.45,249
326,0.45,179
456,0.45,250
675,0.47,357
654,0.47,346
654,0.46,353
654,0.46,353
654,0.46,353
356,0.3,249
686,0.3,480
456,0.3,319
516,0.3,361
355,0.3,248
465,0.35,302
965,0.35,627
1158,0.35,752
264,0.35,171
433,0.35,281
562,0.35,365
423,0.4,253
621,0.4,372
333,0.15,283
236,0.15,200
456,0.15,387
963,0.34,635
234,0.34,154
456,0.34,300
564,0.34,372
634,0.34,418
236,0.34,155
444,0.44,248
456,0.44,255
963,0.44,539
456,0.44,255
1189,0.44,665
1298,0.1,1168
1456,0.1,1310
1478,0.1,1330
256,0.3,179
2698,0.3,1888
2364,0.3,1654
1236,0.25,927
756,0.25,567
326,0.3,228
453,0.3,317
326,0.3,228
456,0.4,273
675,0.4,405
654,0.4,392
654,0.4,392
654,0.4,392
654,0.4,392
356,0.45,195
686,0.45,377
456,0.45,250
516,0.47,273
355,0.47,188
465,0.46,251
965,0.46,521
1158,0.46,625
264,0.3,184
433,0.3,303
562,0.3,393
423,0.3,296
621,0.3,434
333,0.35,216
236,0.35,153
456,0.35,296
963,0.35,625
234,0.35,152
456,0.35,296
564,0.4,338
634,0.4,380
236,0.15,200
444,0.15,377
456,0.15,387
963,0.35,625
456,0.35,296
1189,0.35,772
1298,0.35,843
1456,0.55,655
1478,0.55,665
256,0.55,115
2698,0.55,1214
2364,0.5,1182
1236,0.5,618
756,0.5,378
326,0.5,163
453,0.5,226
326,0.3,228
456,0.32,310
456,0.25,342
456,0.45,250
456,0.15,387
236,0.33,158
996,0.42,577
654,0.42,379
965,0.39,588
1158,0.39,706
264,0.39,161
433,0.39,264
562,0.3,393
423,0.3,296
621,0.3,434
333,0.25,249
236,0.25,177
456,0.3,319
963,0.3,674
234,0.3,163
456,0.4,273
564,0.4,338
634,0.4,380
236,0.4,141
444,0.4,266
456,0.4,273
963,0.45,529
456,0.45,250
1189,0.45,653
1298,0.47,687
1456,0.47,771
1478,0.46,798
256,0.46,138
2698,0.46,1456
2364,0.3,1654
1236,0.3,865
756,0.3,529
326,0.3,228
453,0.3,317
326,0.35,211
456,0.35,296
675,0.35,438
654,0.35,425
654,0.35,425
654,0.35,425
654,0.4,392
356,0.4,213
686,0.15,583
456,0.15,387
516,0.15,438
355,0.3,248
465,0.3,325
965,0.14,829
1158,0.14,995
264,0.14,227
433,0.14,372
562,0.12,494
423,0.12,372
621,0.12,546
333,0.12,293
236,0.12,207
456,0.12,401
963,0.34,635
234,0.34,154
456,0.34,300
564,0.34,372
634,0.34,418
236,0.34,155
444,0.44,248
456,0.44,255
963,0.44,539
456,0.44,255
1189,0.44,665
1298,0.1,1168
1456,0.1,1310
1478,0.1,1330
256,0.3,179
2698,0.3,1888
2364,0.3,1654
1236,0.25,927
756,0.25,567
326,0.3,228
453,0.3,317
326,0.3,228
456,0.4,273
456,0.4,273
456,0.4,273
456,0.4,273
236,0.4,141
996,0.4,597
654,0.45,359
456,0.45,250
785,0.45,431
365,0.47,193
965,0.47,511
444,0.46,239
569,0.46,307
475,0.46,256
598,0.3,418
536,0.3,375
256,0.3,179
456,0.3,319
456,0.3,319
745,0.35,484
356,0.35,231
1189,0.35,772
426,0.35,276
1126,0.35,731
1145,0.35,744
1235,0.4,741
1564,0.4,938
654,0.15,555
854,0.15,725
475,0.15,403
349,0.35,226
350,0.35,227
351,0.35,228
352,0.35,228
353,0.55,158
354,0.55,159
355,0.55,159
356,0.55,160
999,0.5,499
555,0.5,277
555,0.5,277
555,0.5,277
555,0.5,277
1025,0.3,717
1025,0.32,696
1025,0.25,768
555,0.45,305
599,0.15,509
555,0.33,371
555,0.42,321
565,0.42,327
555,0.39,338
999,0.39,609
999,0.39,609
999,0.39,609
999,0.3,699
1119,0.3,783
1119,0.3,783
1119,0.25,839
1119,0.25,839
985,0.3,689
985,0.3,689
985,0.3,689
985,0.4,591
985,0.4,591
369,0.4,221
399,0.4,239
399,0.4,239
399,0.4,239
399,0.45,219
555,0.45,305
555,0.45,305
555,0.47,294
555,0.47,294
675,0.46,364
675,0.46,364
675,0.46,364
654,0.3,457
654,0.3,457
654,0.3,457
654,0.3,457
356,0.3,249
686,0.35,445
456,0.35,296
516,0.35,335
355,0.35,230
465,0.35,302
965,0.35,627
1158,0.4,694
264,0.4,158
433,0.15,368
562,0.15,477
423,0.15,359
621,0.44,347
333,0.44,186
236,0.44,132
456,0.44,255
963,0.1,866
234,0.1,210
456,0.1,410
564,0.3,394
634,0.3,443
236,0.3,165
444,0.25,333
456,0.25,342
963,0.3,674
456,0.3,319
1189,0.3,832
1298,0.4,778
1456,0.4,873
1478,0.4,886
256,0.4,153
2698,0.4,1618
2364,0.4,1418
1236,0.45,679
756,0.45,415
326,0.45,179
453,0.47,240
326,0.47,172
456,0.46,246
675,0.46,364
654,0.46,353
654,0.3,457
654,0.3,457
654,0.3,457
356,0.3,249
686,0.3,480
456,0.35,296
516,0.35,335
355,0.35,230
465,0.35,302
965,0.35,627
1158,0.35,752
264,0.4,158
433,0.4,259
562,0.15,477
423,0.15,359
621,0.15,527
333,0.35,216
236,0.35,153
456,0.35,296
963,0.35,625
234,0.55,105
456,0.55,205
564,0.55,253
634,0.55,285
236,0.5,118
444,0.5,222
456,0.5,228
963,0.5,481
456,0.5,228
1189,0.3,832
1298,0.32,882
1456,0.25,1092
1478,0.45,812
256,0.15,217
2698,0.33,1807
2364,0.42,1371
1236,0.42,716
756,0.39,461
326,0.39,198
453,0.39,276
326,0.39,198
456,0.3,319
675,0.3,472
654,0.3,457
654,0.25,490
654,0.25,490
654,0.3,457
356,0.3,249
686,0.3,480
456,0.4,273
516,0.4,309
355,0.4,213
465,0.4,279
965,0.4,579
1158,0.4,694
264,0.45,145
433,0.45,238
562,0.45,309
423,0.47,224
621,0.47,329
333,0.46,179
236,0.46,127
456,0.46,246
963,0.3,674
234,0.3,163
456,0.3,319
564,0.3,394
634,0.3,443
236,0.35,153
444,0.35,288
456,0.35,296
963,0.35,625
456,0.35,296
1189,0.35,772
1298,0.4,778
1456,0.4,873
1478,0.15,1256
256,0.15,217
2698,0.15,2293
2364,0.35,1536
1236,0.35,803
756,0.35,491
326,0.35,211
453,0.35,294
326,0.35,211
456,0.4,273
456,0.4,273
456,0.15,387
456,0.15,387
236,0.15,200
996,0.35,647
654,0.35,425
965,0.35,627
1158,0.35,752
264,0.55,118
433,0.55,194
562,0.55,252
423,0.55,190
621,0.5,310
333,0.5,166
236,0.5,118
456,0.5,228
963,0.5,481
234,0.3,163
456,0.32,310
564,0.25,423
634,0.45,348
236,0.15,200
444,0.33,297
456,0.42,264
963,0.42,558
456,0.39,278
1189,0.39,725
1298,0.39,791
1456,0.39,888
1478,0.37,931
256,0.37,161
2698,0.37,1699
2364,0.37,1489
1236,0.37,778
756,0.4,453
326,0.4,195
453,0.4,271
326,0.4,195
456,0.4,273
675,0.34,445
654,0.34,431
654,0.34,431
654,0.34,431
654,0.34,431
356,0.38,220
686,0.38,425
456,0.38,282
516,0.38,319
355,0.38,220
465,0.21,367
965,0.21,762
1158,0.21,914
264,0.21,208
433,0.21,342
562,0.22,438
423,0.22,329
621,0.22,484
333,0.22,259
236,0.22,184
456,0.22,355
963,0.3,674
234,0.3,163
456,0.3,319
564,0.3,394
634,0.3,443
236,0.3,165
444,0.14,381
456,0.14,392
963,0.14,828
456,0.14,392
322,0.12,283
422,0.12,371
123,0.12,108
324,0.12,285
222,0.12,195
342,0.12,300
124,0.34,81
324,0.34,213
756,0.34,498
326,0.34,215
453,0.34,298
326,0.34,215
456,0.44,255
456,0.44,255
456,0.44,255
456,0.44,255
236,0.44,132
996,0.1,896
654,0.1,588
456,0.1,410
785,0.3,549
365,0.3,255
965,0.3,675
444,0.25,333
569,0.25,426
475,0.3,332
598,0.3,418
536,0.3,375
256,0.4,153
456,0.4,273
456,0.4,273
745,0.4,447
356,0.4,213
1189,0.4,713
426,0.45,234
1126,0.45,619
1145,0.45,629
1235,0.47,654
1564,0.47,828
654,0.46,353
854,0.46,461
475,0.46,256
349,0.3,244
350,0.3,245
351,0.3,245
352,0.3,246
353,0.3,247
354,0.35,230
355,0.35,230
356,0.35,231
999,0.35,649
555,0.35,360
555,0.35,360
555,0.4,333
555,0.4,333
1025,0.15,871
1025,0.15,871
1025,0.15,871
555,0.35,360
599,0.35,389
555,0.35,360
555,0.35,360
565,0.55,254
555,0.55,249
999,0.55,449
999,0.55,449
999,0.5,499
999,0.5,499
1119,0.5,559
1119,0.5,559
1119,0.5,559
1119,0.3,783
985,0.32,669
985,0.25,738
985,0.45,541
985,0.15,837
985,0.33,659
369,0.42,214
399,0.42,231
399,0.39,243
399,0.39,243
399,0.39,243
555,0.39,338
555,0.3,388
555,0.3,388
555,0.3,388
675,0.25,506
675,0.25,506
675,0.3,472
654,0.3,457
654,0.3,457
654,0.4,392
654,0.4,392
356,0.4,213
686,0.4,411
456,0.4,273
516,0.4,309
355,0.45,195
465,0.45,255
965,0.45,530
1158,0.47,613
264,0.47,139
433,0.46,233
562,0.46,303
423,0.46,228
621,0.3,434
333,0.3,233
236,0.3,165
456,0.3,319
963,0.3,674
234,0.35,152
456,0.35,296
564,0.35,366
634,0.35,412
236,0.35,153
444,0.35,288
456,0.4,273
963,0.4,577
456,0.15,387
1189,0.15,1010
1298,0.15,1103
1456,0.35,946
1478,0.35,960
256,0.35,166
2698,0.35,1753
2364,0.55,1063
1236,0.55,556
756,0.55,340
326,0.55,146
453,0.5,226
326,0.5,163
456,0.5,228
675,0.5,337
654,0.5,327
654,0.3,457
654,0.32,444
654,0.25,490
356,0.45,195
686,0.15,583
456,0.33,305
516,0.42,299
355,0.42,205
465,0.39,283
965,0.39,588
1158,0.39,706
264,0.39,161
433,0.3,303
562,0.3,393
423,0.3,296
621,0.25,465
333,0.25,249
236,0.3,165
456,0.3,319
963,0.3,674
234,0.4,140
456,0.4,273
564,0.4,338
634,0.4,380
236,0.4,141
444,0.4,266
456,0.45,250
963,0.45,529
456,0.45,250
1189,0.47,630
1298,0.47,687
1456,0.46,786
1478,0.46,798
256,0.46,138
2698,0.3,1888
2364,0.3,1654
1236,0.3,865
756,0.3,529
326,0.3,228
453,0.35,294
326,0.35,211
456,0.35,296
675,0.35,438
654,0.35,425
654,0.35,425
654,0.4,392
654,0.4,392
356,0.15,302
686,0.15,583
456,0.15,387
516,0.35,335
355,0.35,230
465,0.35,302
965,0.35,627
1158,0.55,521
264,0.55,118
433,0.55,194
562,0.55,252
423,0.5,211
621,0.5,310
333,0.5,166
236,0.5,118
456,0.5,228
963,0.3,674
234,0.32,159
456,0.25,342
564,0.45,310
634,0.15,538
236,0.33,158
444,0.33,297
456,0.33,305
963,0.33,645
456,0.33,305
1189,0.45,653
1298,0.45,713
1456,0.45,800
1478,0.45,812
256,0.23,197
2698,0.23,2077
2364,0.23,1820
1236,0.23,951
756,0.23,582
326,0.12,286
453,0.12,398
326,0.12,286
456,0.12,401
456,0.12,401
456,0.12,401
456,0.12,401
236,0.12,207
996,0.12,876
654,0.12,575
654,0.35,425
654,0.35,425
654,0.35,425
456,0.35,296
1154,0.35,750
1632,0.35,1060
456,0.35,296
1265,0.35,822
1149,0.35,746
1475,0.3,1032
1256,0.3,879
1425,0.3,997
2365,0.3,1655
645,0.3,451
1236,0.3,865
654,0.3,457
654,0.3,457
654,0.3,457
654,0.3,457
356,0.25,267
686,0.25,514
456,0.25,342
516,0.25,387
355,0.55,159
465,0.5,232
965,0.5,482
1158,0.5,579
264,0.5,132
433,0.5,216
562,0.3,393
423,0.32,287
621,0.25,465
333,0.45,183
236,0.15,200
456,0.33,305
963,0.42,558
234,0.42,135
456,0.39,278
564,0.39,344
634,0.39,386
236,0.39,143
444,0.3,310
456,0.3,319
963,0.3,674
456,0.25,342
1189,0.25,891
1298,0.3,908
1456,0.3,1019
1478,0.3,1034
256,0.4,153
2698,0.4,1618
2364,0.4,1418
1236,0.4,741
756,0.4,453
326,0.4,195
453,0.45,249
326,0.45,179
456,0.45,250
675,0.47,357
654,0.47,346
654,0.46,353
654,0.46,353
654,0.46,353
356,0.3,249
686,0.3,480
456,0.3,319
516,0.3,361
355,0.3,248
465,0.35,302
965,0.35,627
1158,0.35,752
264,0.35,171
433,0.35,281
562,0.35,365
423,0.4,253
621,0.4,372
333,0.15,283
236,0.15,200
456,0.15,387
963,0.35,625
234,0.35,152
456,0.35,296
564,0.35,366
634,0.55,285
236,0.55,106
444,0.55,199
456,0.55,205
963,0.5,481
456,0.5,228
1189,0.5,594
1298,0.5,649
1456,0.5,728
1478,0.3,1034
256,0.32,174
2698,0.25,2023
2364,0.45,1300
1236,0.15,1050
756,0.33,506
326,0.33,218
453,0.33,303
326,0.33,218
456,0.33,305
456,0.45,250
456,0.45,250
456,0.45,250
236,0.45,129
996,0.23,766
654,0.23,503
456,0.23,351
785,0.23,604
365,0.23,281
965,0.12,849
444,0.12,390
569,0.12,500
475,0.12,418
598,0.12,526
536,0.12,471
256,0.12,225
456,0.12,401
456,0.12,401
745,0.12,655
356,0.35,231
1189,0.35,772
426,0.35,276
1126,0.35,731
1145,0.35,744
1235,0.35,802
1564,0.35,1016
654,0.35,425
854,0.35,555
475,0.3,332
349,0.3,244
350,0.3,245
351,0.3,245
352,0.3,246
353,0.3,247
354,0.3,247
355,0.3,248
356,0.3,249
999,0.3,699
555,0.25,416
555,0.25,416
555,0.25,416
555,0.25,416
703,0.3,492
985,0.3,689
939,0.3,657
1461,0.25,1095
1290,0.25,967
764,0.3,534
1117,0.3,781
668,0.3,467
1789,0.4,1073
1486,0.4,891
1304,0.4,782
1714,0.4,1028
1714,0.4,1028
1428,0.4,856
1976,0.45,1086
909,0.45,499
1448,0.45,796
949,0.47,502
758,0.47,401
1479,0.46,798
1026,0.46,554
1943,0.46,1049
1250,0.3,875
1834,0.3,1283
736,0.3,515
1689,0.3,1182
1293,0.3,905
719,0.35,467
1181,0.35,767
691,0.35,449
1152,0.35,748
1901,0.35,1235
1185,0.35,770
985,0.4,591
1493,0.4,895
1052,0.15,894
1248,0.15,1060
1481,0.15,1258
1937,0.35,1259
737,0.35,479
1542,0.35,1002
1028,0.35,668
888,0.55,399
1960,0.55,881
1315,0.55,591
1468,0.55,660
1157,0.5,578
1590,0.5,795
1799,0.5,899
859,0.5,429
748,0.5,374
715,0.3,500
689,0.32,468
1301,0.25,975
1250,0.45,687
874,0.15,742
641,0.33,429
835,0.42,484
647,0.42,375
1546,0.39,943
1682,0.39,1026
1954,0.39,1191
1585,0.39,966
905,0.3,633
1591,0.3,1113
1851,0.3,1295
1621,0.25,1215
1684,0.25,1263
1529,0.3,1070
1251,0.3,875
640,0.3,448
1379,0.4,827
1510,0.4,906
1823,0.4,1093
762,0.4,457
812,0.4,487
1907,0.4,1144
1253,0.45,689
1242,0.45,683
726,0.45,399
1718,0.47,910
1687,0.47,894
1882,0.46,1016
1801,0.46,972
1885,0.46,1017
730,0.3,511
993,0.3,695
1021,0.3,714
1789,0.3,1252
614,0.3,429
1650,0.35,1072
731,0.35,475
1254,0.35,815
1968,0.35,1279
1930,0.35,1254
1860,0.35,1209
1667,0.4,1000
915,0.4,549
1586,0.15,1348
1077,0.15,915
787,0.15,668
1869,0.35,1214
936,0.35,608
1731,0.35,1125
1959,0.35,1273
1055,0.55,474
1400,0.55,629
1856,0.55,835
1155,0.55,519
1948,0.5,974
1033,0.5,516
758,0.5,379
1694,0.5,847
953,0.5,476
781,0.3,546
740,0.32,503
1477,0.25,1107
802,0.45,441
688,0.15,584
914,0.33,612
946,0.42,548
1838,0.42,1066
1451,0.39,885
1691,0.39,1031
1028,0.39,627
919,0.39,560
1846,0.3,1292
885,0.3,619
1099,0.3,769
799,0.25,599
658,0.25,493
1060,0.3,742
746,0.3,522
1638,0.3,1146
934,0.4,560
1822,0.4,1093
1981,0.4,1188
796,0.4,477
796,0.4,477
646,0.4,387
645,0.45,354
1102,0.45,606
1021,0.45,561
920,0.47,487
1993,0.47,1056
1164,0.46,628
1036,0.46,559
1590,0.46,858
967,0.3,676
1273,0.3,891
679,0.3,475
1492,0.3,1044
1797,0.3,1257
1422,0.35,924
759,0.35,493
1700,0.35,1105
1209,0.35,785
1955,0.35,1270
1916,0.35,1245
1136,0.4,681
1728,0.4,1036
760,0.15,646
1678,0.15,1426
1069,0.15,908
865,0.35,562
1784,0.35,1159
1987,0.35,1291
1249,0.35,811
839,0.55,377
1858,0.55,836
1544,0.55,694
1695,0.55,762
902,0.5,451
1370,0.5,685
715,0.5,357
620,0.5,310
1424,0.5,712
1244,0.3,870
1958,0.32,1331
603,0.25,452
797,0.45,438
1543,0.15,1311
1017,0.33,681
1704,0.42,988
1125,0.42,652
1360,0.39,829
765,0.39,466
1790,0.39,1091
1613,0.39,983
666,0.3,466
1628,0.3,1139
1979,0.3,1385
1050,0.25,787
1783,0.25,1337
716,0.3,501
1372,0.3,960
980,0.3,686
1006,0.4,603
630,0.4,378
1033,0.4,619
1885,0.4,1131
1799,0.4,1079
1530,0.4,918
755,0.45,415
1885,0.45,1036
1141,0.45,627
1370,0.47,726
1117,0.47,592
911,0.46,491
669,0.46,361
1029,0.46,555
1410,0.3,987
1576,0.3,1103
1798,0.3,1258
1960,0.3,1372
1174,0.3,821
1543,0.35,1002
1434,0.35,932
1378,0.35,895
738,0.35,479
1650,0.35,1072
1286,0.35,835
1320,0.4,792
1243,0.4,745
930,0.15,790
1087,0.15,923
977,0.15,830
1526,0.35,991
1287,0.35,836
1601,0.35,1040
1890,0.35,1228
954,0.55,429
1492,0.55,671
1528,0.55,687
1661,0.55,747
1962,0.5,981
1779,0.5,889
1485,0.5,742
1866,0.5,933
1576,0.5,788
1919,0.3,1343
1344,0.32,913
1997,0.25,1497
920,0.45,506
998,0.15,848
1323,0.33,886
1153,0.42,668
795,0.42,461
897,0.39,547
1272,0.39,775
1564,0.39,954
1857,0.39,1132
759,0.3,531
986,0.3,690
1926,0.3,1348
1060,0.25,795
1056,0.25,792
853,0.3,597
1390,0.3,973
1682,0.3,1177
830,0.4,498
1804,0.4,1082
1458,0.4,874
1199,0.4,719
776,0.4,465
730,0.4,438
1358,0.45,746
658,0.45,361
732,0.45,402
684,0.47,362
1441,0.47,763
1888,0.46,1019
1054,0.46,569
736,0.46,397
1377,0.3,963
1300,0.3,910
1488,0.3,1041
1584,0.3,1108
698,0.3,488
1882,0.35,1223
1244,0.35,808
1082,0.35,703
1984,0.35,1289
637,0.35,414
1945,0.35,1264
1838,0.4,1102
1750,0.4,1050
1362,0.15,1157
1804,0.15,1533
1104,0.15,938
1898,0.35,1233
1289,0.35,837
1501,0.35,975
941,0.35,611
1518,0.55,683
1668,0.55,750
716,0.55,322
713,0.55,320
785,0.5,392
707,0.5,353
802,0.5,401
1879,0.5,939
713,0.5,356
1806,0.3,1264
1915,0.32,1302
1333,0.25,999
908,0.45,499
1047,0.15,889
1720,0.33,1152
756,0.42,438
809,0.42,469
784,0.39,478
663,0.39,404
935,0.39,570
946,0.39,577
1548,0.3,1083
734,0.3,513
1239,0.3,867
1741,0.25,1305
1582,0.25,1186
1515,0.3,1060
1053,0.3,737
1396,0.3,977
1997,0.4,1198
1944,0.4,1166
1250,0.4,750
1718,0.4,1030
940,0.4,564
1883,0.4,1129
1729,0.45,950
697,0.45,383
1623,0.45,892
1965,0.47,1041
1876,0.47,994
1827,0.46,986
1384,0.46,747
949,0.46,512
1007,0.3,704
1575,0.3,1102
659,0.3,461
1778,0.3,1244
912,0.3,638
936,0.35,608
1387,0.35,901
1563,0.35,1015
1507,0.35,979
816,0.35,530
1098,0.35,713
708,0.4,424
1676,0.4,1005
1124,0.15,955
1103,0.15,937
1544,0.15,1312
1174,0.35,763
1834,0.35,1192
1963,0.35,1275
1171,0.35,761
1330,0.55,598
1711,0.55,769
1057,0.55,475
937,0.55,421
652,0.5,326
1690,0.5,845
1982,0.5,991
782,0.5,391
1315,0.5,657
707,0.3,494
1530,0.32,1040
949,0.25,711
1833,0.45,1008
1214,0.15,1031
1450,0.33,971
860,0.42,498
733,0.42,425
1088,0.39,663
2245,0.39,1369
2354,0.39,1435
2214,0.39,1350
2365,0.3,1655
2541,0.3,1778
1235,0.3,864
22365,0.25,16773
2245,0.25,1683
2245,0.3,1571
2542,0.3,1779
2263,0.3,1584
6523,0.4,3913
2345,0.4,1407
2354,0.4,1412
2245,0.4,1347
2254,0.4,1352
3256,0.4,1953
4235,0.45,2329
4454,0.45,2449
4454,0.45,2449
1002,0.47,531
938,0.47,497
1247,0.46,673
1141,0.46,616
1869,0.46,1009
1002,0.3,701
1906,0.3,1334
946,0.3,662
1047,0.3,732
1903,0.3,1332
606,0.35,393
1267,0.35,823
1285,0.35,835
749,0.35,486
1268,0.35,824
1116,0.35,725
1523,0.4,913
1192,0.4,715
1705,0.15,1449
1415,0.15,1202
894,0.15,759
1059,0.35,688
1334,0.35,867
624,0.35,405
1730,0.35,1124
1345,0.55,605
1906,0.55,857
846,0.55,380
688,0.55,309
1792,0.5,896
1947,0.5,973
1703,0.5,851
1662,0.5,831
757,0.5,378
